fold,fit_train_start,fit_train_end,validation_start,validation_end,test_start,test_end,fit_train_rows,validation_rows,test_rows,BTC_auc,BTC_threshold_mode,BTC_raw_short_threshold,BTC_raw_long_threshold,BTC_short_threshold_was_extreme,BTC_long_threshold_was_extreme,BTC_adjusted_threshold,BTC_adjusted_short_threshold,BTC_adjusted_long_threshold,BTC_threshold,BTC_short_threshold,BTC_long_threshold,BTC_threshold_ema_alpha,BTC_validation_probability_min,BTC_validation_probability_max,BTC_validation_threshold_sharpe,BTC_validation_threshold_pnl,BTC_validation_threshold_trades,BTC_validation_threshold_trade_fraction,BTC_validation_threshold_win_rate,BTC_validation_threshold_tie_trades,BTC_validation_threshold_tie_trade_fraction,BTC_fit_weight_min,BTC_fit_weight_mean,BTC_fit_weight_max,BTC_fit_weight_effective_rows,BTC_test_trades,BTC_test_trade_fraction,BTC_test_tie_trades,BTC_test_tie_trade_fraction,BTC_win_rate,BTC_pnl,BTC_test_sharpe,BTC_best_iteration,BTC_model_path,ETH_auc,ETH_threshold_mode,ETH_raw_short_threshold,ETH_raw_long_threshold,ETH_short_threshold_was_extreme,ETH_long_threshold_was_extreme,ETH_adjusted_threshold,ETH_adjusted_short_threshold,ETH_adjusted_long_threshold,ETH_threshold,ETH_short_threshold,ETH_long_threshold,ETH_threshold_ema_alpha,ETH_validation_probability_min,ETH_validation_probability_max,ETH_validation_threshold_sharpe,ETH_validation_threshold_pnl,ETH_validation_threshold_trades,ETH_validation_threshold_trade_fraction,ETH_validation_threshold_win_rate,ETH_validation_threshold_tie_trades,ETH_validation_threshold_tie_trade_fraction,ETH_fit_weight_min,ETH_fit_weight_mean,ETH_fit_weight_max,ETH_fit_weight_effective_rows,ETH_test_trades,ETH_test_trade_fraction,ETH_test_tie_trades,ETH_test_tie_trade_fraction,ETH_win_rate,ETH_pnl,ETH_test_sharpe,ETH_best_iteration,ETH_model_path
0,2022-01-01T04:10:00+00:00,2022-11-02T04:00:00+00:00,2022-11-02T04:10:00+00:00,2023-01-01T04:00:00+00:00,2023-01-01T04:10:00+00:00,2023-01-31T04:00:00+00:00,43913,8640,4319,0.5590014508254334,double,0.41000000000000003,0.58,False,False,0.495,0.41000000000000003,0.58,0.495,0.41000000000000003,0.58,0.7,0.37477116212396844,0.6535868687812626,17.821395607592144,171.00000000000003,747,0.08645833333333333,0.6827309236947792,0,0.0,0.7381977953868076,1.0,1.3173847425646743,42721.183550276226,306,0.0708497337346608,0,0.0,0.6601307189542484,57.60000000000001,13.176065854732142,249,/kaggle/working/results/v1_10m_feature_engineering_candidate/models/fold_000_BTC.txt,0.5700231091675001,double,0.44,0.55,False,False,0.495,0.44,0.55,0.495,0.44,0.55,0.7,0.36607630231375154,0.6364347517759021,14.27146782775878,227.70000000000005,2007,0.23229166666666667,0.619,7,0.0008101851851851852,0.7382428092236996,1.0,1.3174650740724307,42684.4241184389,1110,0.2570039360963186,2,0.00046307015512850195,0.5947653429602888,78.00000000000003,9.227365770483592,164,/kaggle/working/results/v1_10m_feature_engineering_candidate/models/fold_000_ETH.txt
1,2022-01-01T04:10:00+00:00,2022-12-02T04:00:00+00:00,2022-12-02T04:10:00+00:00,2023-01-31T04:00:00+00:00,2023-01-31T04:10:00+00:00,2023-03-02T04:00:00+00:00,48233,8639,4320,0.5654886234240167,double,0.39,0.5700000000000001,False,False,0.48000000000000004,0.39,0.5700000000000001,0.48450000000000004,0.396,0.5730000000000001,0.7,0.36232316470261555,0.6531108040139136,14.102733067176143,147.60000000000002,873,0.10105336265771502,0.6494845360824743,0,0.0,0.7154126402978936,1.0,1.3515704440325818,46664.60147460514,488,0.11296296296296296,0,0.0,0.5860655737704918,26.80000000000001,4.764432593975871,198,/kaggle/working/results/v1_10m_feature_engineering_candidate/models/fold_001_BTC.txt,0.5636024376588139,double,0.37,0.56,False,False,0.465,0.37,0.56,0.47400000000000003,0.391,0.557,0.7,0.3250843744523572,0.6691642857555643,12.587876232135422,147.70000000000002,1088,0.12594050237295984,0.6310947562097516,1,0.00011575413821044102,0.7154860373006589,1.0000000000000002,1.3517091069720242,46617.54652718118,648,0.15,1,0.0002314814814814815,0.5826893353941267,31.500000000000014,4.859706143800127,260,/kaggle/working/results/v1_10m_feature_engineering_candidate/models/fold_001_ETH.txt
2,2022-01-01T04:10:00+00:00,2023-01-01T04:00:00+00:00,2023-01-01T04:10:00+00:00,2023-03-02T04:00:00+00:00,2023-03-02T04:10:00+00:00,2023-04-01T04:00:00+00:00,52553,8639,4292,0.5625157029481044,double,0.44,0.56,False,False,0.5,0.44,0.56,0.49535000000000007,0.4268,0.5639000000000001,0.7,0.36839989526999695,0.6553357455700249,10.60446976553833,190.20000000000005,2499,0.2892695913878921,0.5978391356542617,0,0.0,0.6931555516227291,1.0,1.3862928210670629,50537.645895749025,686,0.1598322460391426,0,0.0,0.5801749271137027,30.40000000000002,4.566874340219815,168,/kaggle/working/results/v1_10m_feature_engineering_candidate/models/fold_002_BTC.txt,0.558647556333673,double,0.41000000000000003,0.55,False,False,0.48000000000000004,0.41000000000000003,0.55,0.4782,0.4043,0.5521,0.7,0.3336689778829613,0.6692288650306358,9.447936757235137,162.50000000000006,2299,0.2661187637458039,0.5950305143853531,5,0.0005787706910522051,0.693227530556246,1.0000000000000002,1.3864367770356312,50484.876760838924,821,0.1912861136999068,1,0.00023299161230195712,0.5951219512195122,58.300000000000026,8.041344152000985,248,/kaggle/working/results/v1_10m_feature_engineering_candidate/models/fold_002_ETH.txt
3,2022-01-01T04:10:00+00:00,2023-01-31T04:00:00+00:00,2023-01-31T04:10:00+00:00,2023-04-01T04:00:00+00:00,2023-04-01T04:10:00+00:00,2023-05-01T04:00:00+00:00,56872,8612,4312,0.5615406364959152,double,0.44,0.6,False,False,0.52,0.44,0.6,0.512605,0.43604,0.58917,0.7,0.3662855538114504,0.6615425325024455,10.105784608634997,124.60000000000002,1193,0.1385276358569438,0.6135792120704108,0,0.0,0.671403158309242,1.0,1.421509739410664,54339.59491040848,543,0.12592764378478663,0,0.0,0.6058931860036832,49.20000000000002,8.341051739303026,177,/kaggle/working/results/v1_10m_feature_engineering_candidate/models/fold_003_BTC.txt,0.5566723721374573,double,0.44,0.5700000000000001,False,False,0.505,0.44,0.5700000000000001,0.49696000000000007,0.42929,0.5646300000000001,0.7,0.36663741404746103,0.661567999720073,5.826625723874599,96.80000000000004,2137,0.2481421272642824,0.5809479117785078,6,0.0006967022758941013,0.6715021318281708,1.0,1.4217192883521008,54274.764447794965,958,0.22217068645640073,1,0.00023191094619666049,0.5726227795193313,29.300000000000022,3.7113578612501437,178,/kaggle/working/results/v1_10m_feature_engineering_candidate/models/fold_003_ETH.txt
4,2022-01-01T04:10:00+00:00,2023-03-02T04:00:00+00:00,2023-03-02T04:10:00+00:00,2023-05-01T04:00:00+00:00,2023-05-01T04:10:00+00:00,2023-05-31T04:00:00+00:00,61192,8604,4311,0.5562062768203331,double,0.42,0.64,False,False,0.53,0.42,0.64,0.5247815,0.42481199999999997,0.624751,0.7,0.3385857807413366,0.6909721586892743,9.876842628133051,82.4,553,0.06427243142724315,0.6383363471971067,0,0.0,0.6501584492474238,1.0,1.4572291898060288,58065.62418611983,332,0.07701229413129204,0,0.0,0.6054216867469879,29.800000000000008,6.459384003614534,364,/kaggle/working/results/v1_10m_feature_engineering_candidate/models/fold_004_BTC.txt,0.5629255404185084,double,0.42,0.65,False,False,0.535,0.42,0.65,0.5235879999999999,0.422787,0.624389,0.7,0.333085419631451,0.7145067809818162,9.31698973713896,88.30000000000001,710,0.08251975825197583,0.6248236953455572,1,0.00011622501162250116,0.6502642186124061,1.0,1.4574662554109101,57991.362686740176,555,0.12874043145441894,0,0.0,0.6144144144144145,58.80000000000002,9.883401119980304,410,/kaggle/working/results/v1_10m_feature_engineering_candidate/models/fold_004_ETH.txt
5,2022-01-01T04:10:00+00:00,2023-04-01T04:00:00+00:00,2023-04-01T04:10:00+00:00,2023-05-31T04:00:00+00:00,2023-05-31T04:10:00+00:00,2023-06-30T04:00:00+00:00,65484,8623,4312,0.5309631801788756,double,0.44,0.62,False,False,0.53,0.44,0.62,0.52843445,0.43544360000000004,0.6214253000000001,0.7,0.32925449087163894,0.6937443260753595,8.980221768827064,115.00000000000003,1280,0.14844021802157023,0.60546875,0,0.0,0.6295490350965368,0.9999999999999998,1.493758553734526,61687.493483170205,602,0.1396103896103896,1,0.00023191094619666049,0.5440931780366056,-12.49999999999999,-1.9849991625837908,493,/kaggle/working/results/v1_10m_feature_engineering_candidate/models/fold_005_BTC.txt,0.5306232172931007,double,0.42,0.61,False,False,0.515,0.42,0.61,0.5175764,0.42083610000000005,0.6143167,0.7,0.3548637294369072,0.6908300959423982,10.395776184718718,114.70000000000002,959,0.11121419459584832,0.6221294363256785,1,0.00011596892032935173,0.6296438175985968,1.0000000000000002,1.4939834483262153,61607.45956169319,561,0.13010204081632654,2,0.00046382189239332097,0.5688729874776386,13.200000000000012,2.1856276965609123,280,/kaggle/working/results/v1_10m_feature_engineering_candidate/models/fold_005_ETH.txt
6,2022-01-01T04:10:00+00:00,2023-05-01T04:00:00+00:00,2023-05-01T04:10:00+00:00,2023-06-30T04:00:00+00:00,2023-06-30T04:10:00+00:00,2023-07-30T04:00:00+00:00,69796,8623,4290,0.5513244162410518,double,0.43,0.56,False,False,0.495,0.43,0.56,0.505030335,0.43163308,0.5784275900000001,0.7,0.4061447797402738,0.5933789976310048,6.432961311121626,64.60000000000002,785,0.09103560245854111,0.6012738853503184,0,0.0,0.6093341543484599,1.0,1.5305536445893222,65240.01243233491,175,0.04079254079254079,0,0.0,0.6342857142857142,24.800000000000004,7.473078313521962,89,/kaggle/working/results/v1_10m_feature_engineering_candidate/models/fold_006_BTC.txt,0.5389415131129875,double,0.42,0.59,False,False,0.505,0.42,0.59,0.5087729200000001,0.42025083,0.5972950100000001,0.7,0.3713023743953112,0.6455934614990473,10.1119588925943,96.00000000000001,714,0.08280180911515714,0.6306179775280899,2,0.00023193784065870347,0.6094372836191915,1.0,1.5308126894501026,65151.06456722447,407,0.09487179487179487,0,0.0,0.6044226044226044,35.80000000000001,7.024597498302053,147,/kaggle/working/results/v1_10m_feature_engineering_candidate/models/fold_006_ETH.txt
7,2022-01-01T04:10:00+00:00,2023-05-31T04:00:00+00:00,2023-05-31T04:10:00+00:00,2023-07-30T04:00:00+00:00,2023-07-30T04:10:00+00:00,2023-08-29T04:00:00+00:00,74107,8602,4219,0.538581999757711,double,0.42,0.5700000000000001,False,False,0.495,0.42,0.5700000000000001,0.4980091005,0.42348992399999996,0.5725282770000001,0.7,0.3736860813763436,0.6133056104801387,7.596581527212655,81.30000000000003,897,0.10427807486631016,0.6060267857142857,1,0.00011625203441060219,0.5896240781825712,1.0,1.5678713913830926,68704.89285492555,451,0.10689736904479734,0,0.0,0.565410199556541,8.00000000000001,1.489712404957124,136,/kaggle/working/results/v1_10m_feature_engineering_candidate/models/fold_007_BTC.txt,0.5303425331816406,double,0.43,0.5700000000000001,False,False,0.5,0.43,0.5700000000000001,0.502631876,0.42707524900000005,0.578188503,0.7,0.40078569317717894,0.6103432588117538,8.257781111593191,70.00000000000001,569,0.06614740757963264,0.6243386243386243,2,0.00023250406882120437,0.5897123419733102,1.0,1.5681060939291984,68611.2412659244,189,0.04479734534249822,1,0.00023702299123014932,0.5957446808510638,13.500000000000004,3.920966988846364,71,/kaggle/working/results/v1_10m_feature_engineering_candidate/models/fold_007_ETH.txt
8,2022-01-01T04:10:00+00:00,2023-06-30T04:00:00+00:00,2023-06-30T04:10:00+00:00,2023-08-29T04:00:00+00:00,2023-08-29T04:10:00+00:00,2023-09-28T04:00:00+00:00,78419,8509,4267,0.5554183488703909,double,0.43,0.61,False,False,0.52,0.43,0.61,0.5134027301499999,0.42804697719999996,0.5987584831,0.7,0.36524464195164724,0.632250291046453,9.262636699812083,76.60000000000002,548,0.06440239746151134,0.6332116788321168,0,0.0,0.5703905152208555,1.0,1.6056456685134364,72082.49225565486,316,0.07405671431919382,0,0.0,0.6044303797468354,27.800000000000004,6.2066895474903765,176,/kaggle/working/results/v1_10m_feature_engineering_candidate/models/fold_008_BTC.txt,0.5643683667117279,double,0.45,0.5700000000000001,False,False,0.51,0.45,0.5700000000000001,0.5077895628,0.44312257470000005,0.5724565509,0.7,0.41465865493820303,0.5902741146498516,9.644774997263115,83.60000000000002,604,0.07098366435538842,0.632890365448505,2,0.0002350452462098954,0.5705091553753328,1.0,1.6059796397928756,71975.23456626879,161,0.03773142723224748,0,0.0,0.6459627329192547,26.200000000000003,8.276766562842512,59,/kaggle/working/results/v1_10m_feature_engineering_candidate/models/fold_008_ETH.txt
9,2022-01-01T04:10:00+00:00,2023-07-30T04:00:00+00:00,2023-07-30T04:10:00+00:00,2023-09-28T04:00:00+00:00,2023-09-28T04:10:00+00:00,2023-10-28T04:00:00+00:00,82709,8486,4299,0.5467470997156337,double,0.4,0.62,False,False,0.51,0.4,0.62,0.5110208190450001,0.40841409316,0.61362754493,0.7,0.29373807037832095,0.704819761980806,7.947268935864345,76.90000000000002,752,0.0886165448974782,0.6134228187919463,7,0.0008248880509073768,0.5517579380469896,1.0,1.6442513165667307,75348.09497305364,510,0.11863224005582694,0,0.0,0.5784313725490197,21.00000000000001,3.6541363422236417,862,/kaggle/working/results/v1_10m_feature_engineering_candidate/models/fold_009_BTC.txt,0.5425353300257953,double,0.4,0.6,False,False,0.5,0.4,0.6,0.5023368688400001,0.41293677241000004,0.59173696527,0.7,0.3168868113265459,0.6780188052678604,9.994508986311597,91.50000000000001,678,0.07989629978788593,0.6315007429420505,5,0.0005892057506481263,0.5518460261498235,1.0,1.6445138211345331,75238.36962741673,521,0.12119097464526635,1,0.00023261223540358222,0.5673076923076923,10.90000000000001,1.8734148084114821,330,/kaggle/working/results/v1_10m_feature_engineering_candidate/models/fold_009_ETH.txt
10,2022-01-01T04:10:00+00:00,2023-08-29T04:00:00+00:00,2023-08-29T04:10:00+00:00,2023-10-28T04:00:00+00:00,2023-10-28T04:10:00+00:00,2023-11-27T04:00:00+00:00,86928,8566,4302,0.522185001688999,double,0.43,0.56,False,False,0.495,0.43,0.56,0.4998062457135001,0.423524227948,0.5760882634790001,0.7,0.32358906008362925,0.6701434587716791,6.496391161545793,109.60000000000005,2216,0.2586971748774224,0.5831826401446655,4,0.00046696240952603317,0.5339273094679594,1.0,1.684394964962492,78450.23281311995,685,0.1592282659228266,1,0.00023245002324500232,0.5277777777777778,-34.29999999999998,-5.0941161467085365,355,/kaggle/working/results/v1_10m_feature_engineering_candidate/models/fold_010_BTC.txt,0.5354165437821596,double,0.4,0.5700000000000001,False,False,0.48500000000000004,0.4,0.5700000000000001,0.490201060652,0.403881031723,0.576521089581,0.7,0.3747305151858059,0.6245200984388728,8.783765840734953,71.10000000000001,522,0.06093859444314733,0.6314779270633397,1,0.00011674060238150829,0.5339899632015055,1.0000000000000002,1.6845926203950756,78338.38848856787,247,0.057415155741515574,2,0.00046490004649000463,0.5959183673469388,17.60000000000001,4.434714599103928,128,/kaggle/working/results/v1_10m_feature_engineering_candidate/models/fold_010_ETH.txt
11,2022-01-01T04:10:00+00:00,2023-09-28T04:00:00+00:00,2023-09-28T04:10:00+00:00,2023-11-27T04:00:00+00:00,2023-11-27T04:10:00+00:00,2023-12-27T04:00:00+00:00,91195,8601,4313,0.5410135767004858,double,0.0,0.54,True,False,0.4816817710540512,0.42336354210810234,0.54,0.48711911345188585,0.42341174786007163,0.5508264790437001,0.7,0.42336354210810234,0.5732031675836766,2.837232846748828,29.300000000000026,823,0.09568654807580514,0.5754257907542579,1,0.0001162655505173817,0.516243598743425,1.0,1.72408498934991,81505.7226977837,118,0.027359146765592396,0,0.0,0.6440677966101694,18.8,6.895756359534713,65,/kaggle/working/results/v1_10m_feature_engineering_candidate/models/fold_011_BTC.txt,0.5268407832048734,double,0.41000000000000003,0.56,False,False,0.48500000000000004,0.41000000000000003,0.56,0.48656031819560003,0.40816430951689997,0.5649563268743001,0.7,0.39267011749021963,0.5986283252391702,5.653874116007893,43.20000000000002,459,0.0533658876874782,0.6083150984682714,2,0.0002325311010347634,0.5163288302278123,0.9999999999999999,1.7243696346669846,81382.87441915303,143,0.03315557616508231,0,0.0,0.5804195804195804,6.400000000000004,2.1004681621713632,77,/kaggle/working/results/v1_10m_feature_engineering_candidate/models/fold_011_ETH.txt
12,2022-01-01T04:10:00+00:00,2023-10-28T04:00:00+00:00,2023-10-28T04:10:00+00:00,2023-12-27T04:00:00+00:00,2023-12-27T04:10:00+00:00,2024-01-26T04:00:00+00:00,95494,8615,4315,0.5336064049266548,double,0.44,0.55,False,False,0.495,0.44,0.55,0.49263573403556576,0.4350235243580215,0.55024794371311,0.7,0.4289128405026314,0.578846559756565,4.029524359994802,30.200000000000006,436,0.0506094022054556,0.5940366972477065,0,0.0,0.4988582572968015,1.0,1.763694447983906,84493.54640847238,175,0.04055619930475087,1,0.0002317497103128621,0.5574712643678161,0.5000000000000027,0.1479479970037177,67,/kaggle/working/results/v1_10m_feature_engineering_candidate/models/fold_012_BTC.txt,0.5315776723259529,double,0.45,0.55,False,False,0.5,0.45,0.55,0.49596809545868004,0.43744929285507,0.5544868980622901,0.7,0.4298993436056443,0.5752036357805055,2.7762031381631287,25.700000000000014,661,0.0767266395821242,0.5772727272727273,1,0.00011607661056297156,0.49892897847438733,1.0,1.7639444800249489,84366.38746730464,101,0.023406720741599073,0,0.0,0.6138613861386139,10.600000000000001,4.170926297686115,48,/kaggle/working/results/v1_10m_feature_engineering_candidate/models/fold_012_ETH.txt
13,2022-01-01T04:10:00+00:00,2023-11-27T04:00:00+00:00,2023-11-27T04:10:00+00:00,2024-01-26T04:00:00+00:00,2024-01-26T04:10:00+00:00,2024-02-25T04:00:00+00:00,99796,8628,4314,0.5320261792281823,double,0.43,0.55,False,False,0.49,0.43,0.55,0.4907907202106697,0.43150705730740646,0.550074383113933,0.7,0.41183757999576914,0.6005729586849752,4.3139902286000815,47.90000000000002,952,0.11033843300880854,0.583596214511041,1,0.0001159017153453871,0.48193336833865164,1.0,1.8037459593058933,87389.67613360171,522,0.12100139082058414,2,0.0004636068613815484,0.5480769230769231,-7.199999999999989,-1.2299554676975,106,/kaggle/working/results/v1_10m_feature_engineering_candidate/models/fold_013_BTC.txt,0.5300312014161538,double,0.45,0.55,False,False,0.5,0.45,0.55,0.4987904286376041,0.44623478785652104,0.5513460694186871,0.7,0.42749802193331876,0.5751957783885333,1.4607155533748388,14.100000000000012,714,0.08275382475660639,0.5666199158485273,1,0.0001159017153453871,0.48198395918947473,1.0,1.8039353071467878,87259.8783380378,218,0.050533147890588784,0,0.0,0.573394495412844,7.0000000000000036,1.8574901197643958,53,/kaggle/working/results/v1_10m_feature_engineering_candidate/models/fold_013_ETH.txt
14,2022-01-01T04:10:00+00:00,2023-12-27T04:00:00+00:00,2023-12-27T04:10:00+00:00,2024-02-25T04:00:00+00:00,2024-02-25T04:10:00+00:00,2024-03-26T04:00:00+00:00,104109,8629,4317,0.5344425582856431,double,0.43,0.55,False,False,0.49,0.43,0.55,0.4902372160632009,0.430452117192222,0.5500223149341799,0.7,0.4217804608516696,0.5870934518694738,0.9624224391952066,9.200000000000014,700,0.08112179858616293,0.5630372492836676,2,0.00023177656738903696,0.465414948043155,1.0000000000000002,1.844042359872405,90202.52151370696,264,0.061153578874218205,1,0.0002316423442205235,0.596958174904943,19.500000000000004,4.735480958601709,90,/kaggle/working/results/v1_10m_feature_engineering_candidate/models/fold_014_BTC.txt,0.5282995668576219,double,0.44,0.54,False,False,0.49,0.44,0.54,0.4926371285912813,0.44187043635695633,0.5434038208256062,0.7,0.42348042618759474,0.5807007911177833,3.88783433423517,39.80000000000002,808,0.09363773322517094,0.5829207920792079,0,0.0,0.4654666700350777,0.9999999999999999,1.8442472899986149,90067.13907923711,267,0.06184850590687978,0,0.0,0.5580524344569289,1.2000000000000046,0.286623260354831,53,/kaggle/working/results/v1_10m_feature_engineering_candidate/models/fold_014_ETH.txt
15,2022-01-01T04:10:00+00:00,2024-01-26T04:00:00+00:00,2024-01-26T04:10:00+00:00,2024-03-26T04:00:00+00:00,2024-03-26T04:10:00+00:00,2024-04-25T04:00:00+00:00,108424,8631,4320,0.5534713391907082,double,0.42,0.56,False,False,0.49,0.42,0.56,0.4900711648189603,0.4231356351576666,0.557006694480254,0.7,0.41197273056656386,0.6147012154104972,4.220192647377823,38.40000000000002,642,0.07438303788668753,0.5890625,2,0.00023172285946008574,0.449367807258793,0.9999999999999999,1.8848409693306754,92921.9224137025,387,0.08958333333333333,0,0.0,0.6330749354005168,54.000000000000014,10.907622399730124,143,/kaggle/working/results/v1_10m_feature_engineering_candidate/models/fold_015_BTC.txt,0.5439532142424183,double,0.45,0.55,False,False,0.5,0.45,0.55,0.4977911385773844,0.44756113090708693,0.5480211462476818,0.7,0.419276400771204,0.5901471166311374,4.060854089609977,41.20000000000002,794,0.09199397520565404,0.5843828715365239,0,0.0,0.4493885526959454,0.9999999999999999,1.8849279845757374,92786.98045255133,369,0.08541666666666667,1,0.0002314814814814815,0.5652173913043478,6.300000000000008,1.2833725768488966,68,/kaggle/working/results/v1_10m_feature_engineering_candidate/models/fold_015_ETH.txt
16,2022-01-01T04:10:00+00:00,2024-02-25T04:00:00+00:00,2024-02-25T04:10:00+00:00,2024-04-25T04:00:00+00:00,2024-04-25T04:10:00+00:00,2024-05-25T04:00:00+00:00,112738,8637,4318,0.5477151023174525,double,0.42,0.5700000000000001,False,False,0.495,0.42,0.5700000000000001,0.4935213494456881,0.4209406905473,0.5661020083440762,0.7,0.39253680955911424,0.6522024146881825,9.851286844123516,83.10000000000002,564,0.06530045154567558,0.6376554174067496,1,0.0001157809424568716,0.4337688197464575,0.9999999999999999,1.9260753759494447,95549.33111686783,461,0.10676238999536823,1,0.0002315886984715146,0.5739130434782609,15.100000000000016,2.757502073393673,284,/kaggle/working/results/v1_10m_feature_engineering_candidate/models/fold_016_BTC.txt,0.5461160345031313,double,0.45,0.56,False,False,0.505,0.45,0.56,0.5028373415732154,0.4492683392721261,0.5564063438743045,0.7,0.4204499901340648,0.5833970266396652,4.4246928473515155,39.20000000000001,607,0.07027903207132107,0.5914332784184514,0,0.0,0.43377101339737534,1.0,1.9260851164767114,95414.35317230284,411,0.0951829550717925,0,0.0,0.5474452554744526,-5.999999999999991,-1.1522211191372806,81,/kaggle/working/results/v1_10m_feature_engineering_candidate/models/fold_016_ETH.txt
17,2022-01-01T04:10:00+00:00,2024-03-26T04:00:00+00:00,2024-03-26T04:10:00+00:00,2024-05-25T04:00:00+00:00,2024-05-25T04:10:00+00:00,2024-06-24T04:00:00+00:00,117055,8638,4277,0.5488204451775363,double,0.0,0.5700000000000001,True,False,0.4807398715499042,0.3914797430998084,0.5700000000000001,0.4845743149186394,0.40031802733405586,0.5688306025032229,0.7,0.3914797430998084,0.6672785686066874,6.707788824658655,60.000000000000014,624,0.07223894420004631,0.6089743589743589,0,0.0,0.41861585230737924,1.0,1.9677630896167593,98085.36609845066,313,0.07318213701192425,0,0.0,0.5878594249201278,18.200000000000006,4.061715000605673,315,/kaggle/working/results/v1_10m_feature_engineering_candidate/models/fold_017_BTC.txt,0.5491141216810443,double,0.0,0.56,True,False,0.4752629579912259,0.3905259159824518,0.56,0.4835352730658228,0.4081486429693541,0.5589219031622914,0.7,0.3905259159824518,0.6208311850944348,2.90072448270849,23.80000000000001,518,0.059967585089141004,0.581081081081081,0,0.0,0.4185890998849911,1.0000000000000002,1.967637336067191,97953.21434528394,368,0.08604161795651158,0,0.0,0.5842391304347826,19.00000000000001,3.907294553448814,122,/kaggle/working/results/v1_10m_feature_engineering_candidate/models/fold_017_ETH.txt
18,2022-01-01T04:10:00+00:00,2024-04-25T04:00:00+00:00,2024-04-25T04:10:00+00:00,2024-06-24T04:00:00+00:00,2024-06-24T04:10:00+00:00,2024-07-24T04:00:00+00:00,121375,8595,4316,0.5280729896438155,double,0.42,0.56,False,False,0.49,0.42,0.56,0.48837229447559183,0.41409540820021673,0.5626491807509669,0.7,0.39588456886287826,0.6336064160742227,5.569695198282276,55.600000000000016,776,0.09028504944735312,0.595360824742268,0,0.0,0.40387369760989567,1.0,2.0097632549369733,100535.37738621466,364,0.08433734939759036,0,0.0,0.5631868131868132,5.000000000000005,1.0241469521531223,167,/kaggle/working/results/v1_10m_feature_engineering_candidate/models/fold_018_BTC.txt,0.5266963015081343,double,0.44,0.58,False,False,0.51,0.44,0.58,0.5020605819197468,0.4304445928908063,0.5736765709486874,0.7,0.3765368250394143,0.6286356315578413,6.624288976902255,62.20000000000002,692,0.08051192553810355,0.6057971014492753,2,0.0002326934264107039,0.40384848602047413,1.0000000000000002,2.0096377965911643,100401.8559647339,330,0.07645968489341984,0,0.0,0.5757575757575758,12.000000000000007,2.5889681938108384,157,/kaggle/working/results/v1_10m_feature_engineering_candidate/models/fold_018_ETH.txt
19,2022-01-01T04:10:00+00:00,2024-05-25T04:00:00+00:00,2024-05-25T04:10:00+00:00,2024-07-24T04:00:00+00:00,2024-07-24T04:10:00+00:00,2024-08-23T04:00:00+00:00,125693,8593,4320,0.5324007539547241,double,0.42,0.59,False,False,0.505,0.42,0.59,0.5000116883426776,0.41822862246006504,0.5817947542252901,0.7,0.38819939884636656,0.657919482156131,5.640382132254395,42.60000000000001,447,0.052019085301989995,0.6085011185682326,0,0.0,0.3895822004205437,1.0000000000000002,2.052298977390029,102892.4851141842,331,0.07662037037037037,0,0.0,0.5589123867069486,2.000000000000008,0.4289785374285337,312,/kaggle/working/results/v1_10m_feature_engineering_candidate/models/fold_019_BTC.txt,0.5220126650120831,double,0.45,0.59,False,False,0.52,0.45,0.59,0.5146181745759241,0.44413337786724194,0.5851029712846062,0.7,0.4046203682218731,0.6083954237388471,2.9089140805401454,24.600000000000016,555,0.06458745490515536,0.5804701627486437,2,0.0002327475852438031,0.38954004732317915,1.0,2.052076917043017,102761.2123511853,200,0.046296296296296294,0,0.0,0.54,-5.599999999999997,-1.5387165241825818,101,/kaggle/working/results/v1_10m_feature_engineering_candidate/models/fold_019_ETH.txt
20,2022-01-01T04:10:00+00:00,2024-06-24T04:00:00+00:00,2024-06-24T04:10:00+00:00,2024-08-23T04:00:00+00:00,2024-08-23T04:10:00+00:00,2024-09-22T04:00:00+00:00,129970,8636,4317,0.5350280204783668,double,0.47000000000000003,0.55,False,False,0.51,0.47000000000000003,0.55,0.5070035065028033,0.45446858673801954,0.5595384262675871,0.7,0.4430677524914379,0.5735378377807129,2.7750928315336885,32.10000000000002,1029,0.11915238536359425,0.5730994152046783,3,0.0003473830477072719,0.37585646329390204,1.0,2.0960697809610394,105135.4760926827,56,0.012971971276349317,0,0.0,0.6785714285714286,12.400000000000002,6.653007844532807,61,/kaggle/working/results/v1_10m_feature_engineering_candidate/models/fold_020_BTC.txt,0.5391105028342349,double,0.47000000000000003,0.54,False,False,0.505,0.47000000000000003,0.54,0.5078854523727773,0.4622400133601726,0.5535308913853819,0.7,0.4568646635834798,0.5586166102245261,-0.7129530497552459,-7.199999999999986,774,0.08962482630847615,0.5503875968992248,0,0.0,0.3757995293356231,1.0,2.0957522726537103,105006.55501505539,15,0.0034746351633078527,0,0.0,0.6,1.2000000000000006,1.220871883563621,38,/kaggle/working/results/v1_10m_feature_engineering_candidate/models/fold_020_ETH.txt
21,2022-01-01T04:10:00+00:00,2024-07-24T04:00:00+00:00,2024-07-24T04:10:00+00:00,2024-09-22T04:00:00+00:00,2024-09-22T04:10:00+00:00,2024-10-22T04:00:00+00:00,134286,8637,4311,0.5326054003537818,double,0.46,0.5700000000000001,False,False,0.515,0.46,0.5700000000000001,0.512601051950841,0.4583405760214059,0.5668615278802762,0.7,0.43106073441014425,0.6035409161239026,6.026024939828054,48.20000000000002,499,0.057774690285978925,0.6092184368737475,0,0.0,0.3623930993858938,1.0,2.139468145704226,107309.4738481002,223,0.05172813732312689,0,0.0,0.600896860986547,18.20000000000001,4.8076645068033015,85,/kaggle/working/results/v1_10m_feature_engineering_candidate/models/fold_021_BTC.txt,0.5577364109363803,double,0.45,0.58,False,False,0.515,0.45,0.58,0.5128656357118332,0.4536720040080518,0.5720592674156146,0.7,0.4046200916030301,0.6116215092142422,3.8775060274792215,36.600000000000016,687,0.0795415074678708,0.5851528384279476,0,0.0,0.3623159904614733,1.0,2.1390129160438742,107185.36264727097,496,0.11505451171421943,3,0.0006958942240779402,0.5882352941176471,28.70000000000001,5.084038269696498,122,/kaggle/working/results/v1_10m_feature_engineering_candidate/models/fold_021_ETH.txt
22,2022-01-01T04:10:00+00:00,2024-08-23T04:00:00+00:00,2024-08-23T04:10:00+00:00,2024-10-22T04:00:00+00:00,2024-10-22T04:10:00+00:00,2024-11-21T04:00:00+00:00,138606,8628,4310,0.5276334935650008,double,0.45,0.56,False,False,0.505,0.45,0.56,0.5072803155852523,0.4525021728064218,0.5620584583640829,0.7,0.43039261391607875,0.6019246758296837,5.567820689160206,42.00000000000001,444,0.05146036161335188,0.6081081081081081,0,0.0,0.34930492034320876,1.0,2.1830958295296754,109403.65372010178,210,0.048723897911832945,0,0.0,0.5857142857142857,11.400000000000002,3.092399242485587,99,/kaggle/working/results/v1_10m_feature_engineering_candidate/models/fold_022_BTC.txt,0.5297794054100768,double,0.44,0.56,False,False,0.5,0.44,0.56,0.50385969071355,0.4441016012024156,0.5636177802246845,0.7,0.38465337933534116,0.6414710112023851,5.837330013646786,71.50000000000003,1166,0.13514140009272138,0.5900086132644272,5,0.0005795085767269356,0.3492254542001778,1.0,2.1825991797680024,109282.25171044884,513,0.11902552204176334,1,0.0002320185614849188,0.55078125,-4.499999999999991,-0.7755367163901993,224,/kaggle/working/results/v1_10m_feature_engineering_candidate/models/fold_022_ETH.txt
23,2022-01-01T04:10:00+00:00,2024-09-22T04:00:00+00:00,2024-09-22T04:10:00+00:00,2024-11-21T04:00:00+00:00,2024-11-21T04:10:00+00:00,2024-12-21T04:00:00+00:00,142923,8621,4320,0.5288033755838885,double,0.45,0.55,False,False,0.5,0.45,0.55,0.5021840946755758,0.45075065184192653,0.5536175375092249,0.7,0.4208532433453095,0.5857863007943819,4.563306214551547,35.30000000000001,466,0.05405405405405406,0.5978494623655914,1,0.00011599582415033058,0.33664145480990415,1.0,2.227295723389278,111410.573788643,204,0.04722222222222222,0,0.0,0.553921568627451,-0.5999999999999943,-0.16374468384748317,82,/kaggle/working/results/v1_10m_feature_engineering_candidate/models/fold_023_BTC.txt,0.5417940236430376,double,0.43,0.55,False,False,0.49,0.43,0.55,0.49415790721406505,0.4342304803607247,0.5540853340674053,0.7,0.40171402913473697,0.6248607282407717,4.873152019866396,51.40000000000003,863,0.1001043962417353,0.5888501742160279,2,0.00023199164830066117,0.33656293645212615,1.0,2.2267762282409898,111291.2717574728,370,0.08564814814814815,0,0.0,0.5621621621621622,4.400000000000009,0.8932894118459487,125,/kaggle/working/results/v1_10m_feature_engineering_candidate/models/fold_023_ETH.txt
24,2022-01-01T04:10:00+00:00,2024-10-22T04:00:00+00:00,2024-10-22T04:10:00+00:00,2024-12-21T04:00:00+00:00,2024-12-21T04:10:00+00:00,2025-01-20T04:00:00+00:00,147234,8630,4318,0.5491515678751063,double,0.43,0.61,False,False,0.52,0.43,0.61,0.5146552284026727,0.436225195552578,0.5930852612527675,0.7,0.3315236260497516,0.681699670446401,5.7687475074342105,43.60000000000001,446,0.05168018539976825,0.6098654708520179,0,0.0,0.3243814410087388,1.0,2.2720007918071374,113332.93596204979,347,0.08036127836961557,0,0.0,0.5677233429394812,7.600000000000005,1.5956686228063077,583,/kaggle/working/results/v1_10m_feature_engineering_candidate/models/fold_024_BTC.txt,0.5312434969843205,double,0.43,0.58,False,False,0.505,0.43,0.58,0.5017473721642195,0.43126914410821743,0.5722256002202216,0.7,0.37853502782020937,0.6368870072749774,4.218406619127935,35.20000000000001,539,0.06245654692931634,0.5918367346938775,0,0.0,0.324306965965356,1.0,2.2714791609856904,113215.23131700001,390,0.09031959240389069,0,0.0,0.5384615384615384,-11.99999999999999,-2.3610167940465767,264,/kaggle/working/results/v1_10m_feature_engineering_candidate/models/fold_024_ETH.txt
25,2022-01-01T04:10:00+00:00,2024-11-21T04:00:00+00:00,2024-11-21T04:10:00+00:00,2025-01-20T04:00:00+00:00,2025-01-20T04:10:00+00:00,2025-02-19T04:00:00+00:00,151544,8638,4319,0.5371076025478494,double,0.45,0.65,False,False,0.55,0.45,0.65,0.5393965685208019,0.44586755866577343,0.6329255783758303,0.7,0.36880591425029335,0.6623324705313205,3.13242031846854,31.60000000000002,782,0.09053021532762213,0.578005115089514,0,0.0,0.31248870552096997,1.0,2.317015803963904,115175.78301355932,317,0.07339661958786756,0,0.0,0.583596214511041,16.000000000000007,3.527280693808964,405,/kaggle/working/results/v1_10m_feature_engineering_candidate/models/fold_025_BTC.txt,0.5251057798797504,double,0.46,0.59,False,False,0.525,0.46,0.59,0.5180242116492659,0.45138074323246524,0.5846676800660665,0.7,0.4327452436567128,0.5880226643950011,0.6026289963188844,5.40000000000001,612,0.0708497337346608,0.5604575163398693,0,0.0,0.3124206419055241,1.0,2.316511131411339,115059.03224407564,80,0.018522806205140078,0,0.0,0.525,-4.399999999999997,-1.905452172034147,71,/kaggle/working/results/v1_10m_feature_engineering_candidate/models/fold_025_ETH.txt
26,2022-01-01T04:10:00+00:00,2024-12-21T04:00:00+00:00,2024-12-21T04:10:00+00:00,2025-02-19T04:00:00+00:00,2025-02-19T04:10:00+00:00,2025-03-21T04:00:00+00:00,155864,8637,4316,0.5213974821689439,double,0.45,0.63,False,False,0.54,0.45,0.63,0.5398189705562406,0.4487602675997321,0.630877673512749,0.7,0.3644536052492094,0.6486543226144673,5.324204476360758,50.60000000000001,700,0.08104665971981012,0.5957142857142858,0,0.0,0.3009363219736871,1.0000000000000002,2.3621717494844687,116946.86457565195,381,0.08827618164967563,0,0.0,0.5643044619422573,6.000000000000009,1.2015531186955704,375,/kaggle/working/results/v1_10m_feature_engineering_candidate/models/fold_026_BTC.txt,0.5284761182192448,double,0.46,0.54,False,False,0.5,0.46,0.54,0.5054072634947798,0.4574142229697396,0.55340030401982,0.7,0.4501705271907395,0.566645538714883,-0.9049002893775854,-8.499999999999988,670,0.07757323144610397,0.5485799701046338,1,0.0001157809424568716,0.3008665154695801,0.9999999999999998,2.3616238098045708,116832.24244728549,34,0.007877664504170528,0,0.0,0.6764705882352942,7.400000000000001,5.092605386199434,52,/kaggle/working/results/v1_10m_feature_engineering_candidate/models/fold_026_ETH.txt
27,2022-01-01T04:10:00+00:00,2025-01-20T04:00:00+00:00,2025-01-20T04:10:00+00:00,2025-03-21T04:00:00+00:00,2025-03-21T04:10:00+00:00,2025-04-20T04:00:00+00:00,160182,8635,4314,0.5358187474184222,double,0.44,0.59,False,False,0.515,0.44,0.59,0.5224456911668722,0.4426280802799196,0.6022633020538247,0.7,0.3714009206395975,0.675333091842297,5.1918634326619815,47.500000000000014,650,0.07527504342790967,0.5963020030816641,1,0.00011580775911986103,0.2897526118387796,1.0000000000000002,2.4077224006633577,118642.94876081705,393,0.09109874826147427,0,0.0,0.5648854961832062,6.600000000000014,1.3018487877755074,426,/kaggle/working/results/v1_10m_feature_engineering_candidate/models/fold_027_BTC.txt,0.5401478841863151,double,0.43,0.59,False,False,0.51,0.43,0.59,0.508622179048434,0.43822426689092187,0.579020091205946,0.7,0.37252013043150145,0.6610731556324849,4.290671797952749,35.20000000000002,521,0.0603358425014476,0.5930902111324377,0,0.0,0.28968887236549107,1.0,2.407192752434583,118529.09645835414,426,0.09874826147426982,0,0.0,0.6009389671361502,34.80000000000001,6.6501279110633345,534,/kaggle/working/results/v1_10m_feature_engineering_candidate/models/fold_027_ETH.txt
28,2022-01-01T04:10:00+00:00,2025-02-19T04:00:00+00:00,2025-02-19T04:10:00+00:00,2025-04-20T04:00:00+00:00,2025-04-20T04:10:00+00:00,2025-05-20T04:00:00+00:00,164501,8630,4312,0.5293313404249813,double,0.45,0.5700000000000001,False,False,0.51,0.45,0.5700000000000001,0.5137337073500616,0.4477884240839759,0.5796789906161475,0.7,0.41113818631228305,0.6002002536,3.8052584727535836,31.300000000000008,524,0.06071842410196987,0.5889101338432122,1,0.00011587485515643106,0.2789237870169044,1.0,2.4536171492738625,120266.85899208565,203,0.04707792207792208,1,0.00023191094619666049,0.5544554455445545,-0.49999999999999645,-0.13726709387846148,131,/kaggle/working/results/v1_10m_feature_engineering_candidate/models/fold_028_BTC.txt,0.5418246282921677,double,0.43,0.58,False,False,0.505,0.43,0.58,0.5060866537145302,0.4324672800672766,0.5797060273617838,0.7,0.3692252844269376,0.6604781735007069,7.17784848170609,54.20000000000001,448,0.05191193511008111,0.6227678571428571,0,0.0,0.27887250600414,1.0,2.4531660440680403,120152.15279746965,275,0.06377551020408163,0,0.0,0.5672727272727273,5.800000000000006,1.3687064671659968,365,/kaggle/working/results/v1_10m_feature_engineering_candidate/models/fold_028_ETH.txt
29,2022-01-01T04:10:00+00:00,2025-03-21T04:00:00+00:00,2025-03-21T04:10:00+00:00,2025-05-20T04:00:00+00:00,2025-05-20T04:10:00+00:00,2025-06-19T04:00:00+00:00,168817,8626,4311,0.5355515571005784,double,0.4,0.56,False,False,0.48000000000000004,0.4,0.56,0.49012011220501855,0.41433652722519276,0.5659036971848443,0.7,0.33400874583321705,0.6409416496183074,2.486302753073955,23.70000000000001,699,0.081034083004869,0.5744985673352435,1,0.00011592858798979828,0.2684528848771144,1.0,2.499951090570637,121818.44281871743,317,0.07353282301090235,0,0.0,0.5867507886435331,17.800000000000004,3.930677243612027,388,/kaggle/working/results/v1_10m_feature_engineering_candidate/models/fold_029_BTC.txt,0.5408468978023401,double,0.45,0.58,False,False,0.515,0.45,0.58,0.5123259961143591,0.444740184020183,0.5799118082085352,0.7,0.3933492536659056,0.6025967834957925,8.162252743537135,65.80000000000001,512,0.05935543705077672,0.626953125,0,0.0,0.26840107274421005,0.9999999999999998,2.49946859324818,121704.49201745413,190,0.04407330085826954,0,0.0,0.5684210526315789,4.400000000000004,1.2496444007518863,129,/kaggle/working/results/v1_10m_feature_engineering_candidate/models/fold_029_ETH.txt
30,2022-01-01T04:10:00+00:00,2025-04-20T04:00:00+00:00,2025-04-20T04:10:00+00:00,2025-06-19T04:00:00+00:00,2025-06-19T04:10:00+00:00,2025-07-19T04:00:00+00:00,173131,8623,4265,0.5326245029902263,double,0.44,0.55,False,False,0.495,0.44,0.55,0.4935360336615056,0.43230095816755787,0.5547711091554534,0.7,0.412438646033925,0.5823520690013441,2.5071027752337893,19.100000000000016,448,0.05195407630754958,0.5794183445190156,1,0.00011596892032935173,0.25832780033442243,1.0,2.546694052915687,123300.01944113334,134,0.03141852286049238,0,0.0,0.5895522388059702,8.200000000000003,2.8016497197492973,100,/kaggle/working/results/v1_10m_feature_engineering_candidate/models/fold_030_BTC.txt,0.547771391460941,double,0.45,0.55,False,False,0.5,0.45,0.55,0.5036977988343078,0.44842205520605494,0.5589735424625606,0.7,0.35946268573608736,0.6291079084233876,5.102001393584658,78.00000000000003,1803,0.2090919633538212,0.5796779566907274,2,0.00023193784065870347,0.2582759935889898,1.0,2.546183322245881,123187.06177431064,684,0.16037514654161783,1,0.00023446658851113716,0.6032210834553441,58.50000000000002,8.886856984217586,262,/kaggle/working/results/v1_10m_feature_engineering_candidate/models/fold_030_ETH.txt
31,2022-01-01T04:10:00+00:00,2025-05-20T04:00:00+00:00,2025-05-20T04:10:00+00:00,2025-07-19T04:00:00+00:00,2025-07-19T04:10:00+00:00,2025-08-18T04:00:00+00:00,177443,8576,4303,0.538496207529038,double,0.44,0.56,False,False,0.5,0.44,0.56,0.4980608100984517,0.4376902874502674,0.558431332746636,0.7,0.404531282703782,0.5988129893371671,5.781504313324431,46.20000000000001,501,0.058418843283582086,0.6067864271457086,0,0.0,0.24854409993736748,1.0,2.5938883446995473,124713.24525191376,212,0.049267952591215435,1,0.00023239600278875203,0.5545023696682464,-0.49999999999999467,-0.13444964083739086,146,/kaggle/working/results/v1_10m_feature_engineering_candidate/models/fold_031_BTC.txt,0.5207211646194749,double,0.44,0.55,False,False,0.495,0.44,0.55,0.4976093396502923,0.44252661656181647,0.5526920627387681,0.7,0.3660533464165162,0.6170518710542285,6.581034857993271,84.10000000000002,1274,0.14855410447761194,0.5923016496465043,1,0.0001166044776119403,0.24848600203832927,1.0,2.5932820158299235,124602.42277815388,646,0.1501278178015338,0,0.0,0.5479876160990712,-8.799999999999983,-1.3504615911241316,191,/kaggle/working/results/v1_10m_feature_engineering_candidate/models/fold_031_ETH.txt
32,2022-01-01T04:10:00+00:00,2025-06-19T04:00:00+00:00,2025-06-19T04:10:00+00:00,2025-08-18T04:00:00+00:00,2025-08-18T04:10:00+00:00,2025-09-17T04:00:00+00:00,181754,8568,4293,0.5207358127047498,double,0.44,0.56,False,False,0.5,0.44,0.56,0.4994182430295355,0.43930708623508025,0.5595293998239909,0.7,0.3790389521163366,0.6254001248475274,3.5063649552215193,31.20000000000001,615,0.07177871148459383,0.583739837398374,0,0.0,0.2390744743690234,1.0000000000000002,2.6413333850126204,126062.33846467586,326,0.07593757279291871,0,0.0,0.5122699386503068,-25.399999999999995,-5.451428240119594,195,/kaggle/working/results/v1_10m_feature_engineering_candidate/models/fold_032_BTC.txt,0.5413942432189589,double,0.43,0.55,False,False,0.49,0.43,0.55,0.49228280189508766,0.43375798496854495,0.5508076188216304,0.7,0.39752542093538384,0.5934212247223845,4.952230008482697,48.70000000000002,755,0.0881185807656396,0.5915119363395226,1,0.00011671335200746966,0.23902393234823707,1.0,2.6407749886083147,125951.94941189185,398,0.09270906126252038,0,0.0,0.5753768844221105,14.20000000000001,2.796896147849789,119,/kaggle/working/results/v1_10m_feature_engineering_candidate/models/fold_032_ETH.txt
33,2022-01-01T04:10:00+00:00,2025-07-19T04:00:00+00:00,2025-07-19T04:10:00+00:00,2025-09-17T04:00:00+00:00,2025-09-17T04:10:00+00:00,2025-10-17T04:00:00+00:00,186019,8596,4294,0.5363030990259359,double,0.47000000000000003,0.55,False,False,0.51,0.47000000000000003,0.55,0.5068254729088607,0.4607921258705241,0.5528588199471973,0.7,0.4376708584976862,0.5729650619254075,0.9635504505177938,9.800000000000008,793,0.09225221033038622,0.562421185372005,0,0.0,0.2300236803775577,0.9999999999999999,2.6903250184887506,127328.6162602747,186,0.04331625523986959,0,0.0,0.532258064516129,-7.799999999999995,-2.2253329045174772,78,/kaggle/working/results/v1_10m_feature_engineering_candidate/models/fold_033_BTC.txt,0.5272030716234422,double,0.44,0.55,False,False,0.495,0.44,0.55,0.4941848405685263,0.4381273954905635,0.5502422856464891,0.7,0.4039647562904026,0.5851494455584509,3.4266327231686096,34.60000000000002,788,0.09167054443927408,0.5799492385786802,0,0.0,0.229959819523509,0.9999999999999997,2.6895781108092143,127221.91804781322,381,0.08872845831392641,0,0.0,0.5564304461942258,0.6000000000000085,0.12024732366333599,102,/kaggle/working/results/v1_10m_feature_engineering_candidate/models/fold_033_ETH.txt
34,2022-01-01T04:10:00+00:00,2025-08-18T04:00:00+00:00,2025-08-18T04:10:00+00:00,2025-10-17T04:00:00+00:00,2025-10-17T04:10:00+00:00,2025-11-16T04:00:00+00:00,190322,8587,4319,0.5253148628672684,double,0.46,0.56,False,False,0.51,0.46,0.56,0.5090476418726582,0.4602376377611572,0.5578576459841592,0.7,0.43114220878536946,0.5832320263510642,-1.4577967550838904,-11.399999999999988,465,0.05415162454873646,0.5419354838709678,0,0.0,0.22118437754832848,1.0,2.7386015081847606,128543.90021678014,257,0.0595045149340125,0,0.0,0.6147859922178989,27.400000000000006,6.7589589422861165,94,/kaggle/working/results/v1_10m_feature_engineering_candidate/models/fold_034_BTC.txt,0.532294711182603,double,0.45,0.6,False,False,0.525,0.45,0.6,0.5157554521705578,0.44643821864716904,0.5850726856939468,0.7,0.3644234133102856,0.6573979756696564,2.986809784556587,29.700000000000017,765,0.08908815651566321,0.5772251308900523,1,0.0001164551065564225,0.22111318323303497,0.9999999999999999,2.7377200134725292,128440.97177315666,433,0.10025468858532068,0,0.0,0.5750577367205543,15.20000000000001,2.8614645122525686,313,/kaggle/working/results/v1_10m_feature_engineering_candidate/models/fold_034_ETH.txt
35,2022-01-01T04:10:00+00:00,2025-09-17T04:00:00+00:00,2025-09-17T04:10:00+00:00,2025-11-16T04:00:00+00:00,2025-11-16T04:10:00+00:00,2025-12-16T04:00:00+00:00,194615,8613,4316,0.5341220999756453,double,0.45,0.58,False,False,0.515,0.45,0.58,0.5132142925617975,0.4530712913283472,0.5733572937952478,0.7,0.3987961825585411,0.6117060718574415,4.50371786375486,36.20000000000001,502,0.058283989318472076,0.5956175298804781,0,0.0,0.21265597239092263,1.0,2.787367099606449,129698.24276161399,276,0.0639481000926784,0,0.0,0.5942028985507246,19.200000000000006,4.549184365052424,193,/kaggle/working/results/v1_10m_feature_engineering_candidate/models/fold_035_BTC.txt,0.5579233958374421,double,0.46,0.55,False,False,0.505,0.46,0.55,0.5082266356511674,0.45593146559415076,0.5605218057081841,0.7,0.4232272981505061,0.56881822938748,1.1033790679850504,10.000000000000018,629,0.07302914199465924,0.5643879173290938,0,0.0,0.21258269398504664,1.0,2.78640661015791,129598.98644810333,135,0.031278962001853566,0,0.0,0.6370370370370371,19.8,6.7762797680256135,70,/kaggle/working/results/v1_10m_feature_engineering_candidate/models/fold_035_ETH.txt
36,2022-01-01T04:10:00+00:00,2025-10-17T04:00:00+00:00,2025-10-17T04:10:00+00:00,2025-12-16T04:00:00+00:00,2025-12-16T04:10:00+00:00,2026-01-15T04:00:00+00:00,198909,8635,4273,0.5585281914337825,double,0.45,0.5700000000000001,False,False,0.51,0.45,0.5700000000000001,0.5109642877685393,0.4509213873985042,0.5710071881385744,0.7,0.4045022667488084,0.6112564535876718,5.687384062915716,43.20000000000002,450,0.05211349160393746,0.6088888888888889,0,0.0,0.2044154386600114,1.0,2.836432611144349,130792.96170932564,271,0.06342148373508073,1,0.0002340276152586005,0.6185185185185185,30.500000000000007,7.386517337766389,176,/kaggle/working/results/v1_10m_feature_engineering_candidate/models/fold_036_BTC.txt,0.5576735365173678,double,0.46,0.5700000000000001,False,False,0.515,0.46,0.5700000000000001,0.5129679906953503,0.45877943967824525,0.5671565417124553,0.7,0.38730351824831527,0.6054275488564734,5.284291421693639,62.40000000000003,1077,0.12472495657209033,0.5877437325905293,0,0.0,0.20433563321668446,1.0,2.8353252448735664,130698.86381148483,396,0.09267493564240581,0,0.0,0.5909090909090909,25.200000000000014,5.006154990804392,150,/kaggle/working/results/v1_10m_feature_engineering_candidate/models/fold_036_ETH.txt
37,2022-01-01T04:10:00+00:00,2025-11-16T04:00:00+00:00,2025-11-16T04:10:00+00:00,2026-01-15T04:00:00+00:00,2026-01-15T04:10:00+00:00,2026-02-14T04:00:00+00:00,203228,8589,4296,0.5414858873693357,double,0.43,0.55,False,False,0.49,0.43,0.55,0.4962892863305618,0.43627641621955127,0.5563021564415723,0.7,0.35136960677658435,0.6740543883272417,8.430878667419238,91.60000000000002,929,0.10816160204913261,0.6105717367853291,2,0.00023285597857724996,0.19640585737303026,1.0000000000000002,2.885063681366135,131843.47759818973,447,0.10405027932960893,1,0.00023277467411545624,0.5560538116591929,0.30000000000001226,0.055551583140624625,650,/kaggle/working/results/v1_10m_feature_engineering_candidate/models/fold_037_BTC.txt,0.5445488100855468,double,0.44,0.58,False,False,0.51,0.44,0.58,0.5108903972086051,0.4456338319034736,0.5761469625137365,0.7,0.3630048577966692,0.635758877674081,8.314115375584551,62.40000000000001,447,0.052043311212015365,0.6331096196868009,0,0.0,0.1963277218382113,1.0,2.883915925404345,131753.5628890804,335,0.07797951582867783,0,0.0,0.5880597014925373,19.600000000000005,4.218973992044848,265,/kaggle/working/results/v1_10m_feature_engineering_candidate/models/fold_037_ETH.txt
38,2022-01-01T04:10:00+00:00,2025-12-16T04:00:00+00:00,2025-12-16T04:10:00+00:00,2026-02-14T04:00:00+00:00,2026-02-14T04:10:00+00:00,2026-03-16T04:00:00+00:00,207544,8569,4320,0.545329418163164,double,0.44,0.54,False,False,0.49,0.44,0.54,0.49188678589916857,0.4388829248658654,0.5448906469324717,0.7,0.3796544099630025,0.6440277336033486,8.155272010050838,93.30000000000003,1029,0.12008402380674524,0.6060311284046692,1,0.00011669973159061734,0.18867893553532564,1.0,2.9340436934360037,132845.33005992437,479,0.11087962962962963,0,0.0,0.6096033402922756,46.60000000000001,8.41099705162904,236,/kaggle/working/results/v1_10m_feature_engineering_candidate/models/fold_038_BTC.txt,0.5487508336083382,double,0.43,0.56,False,False,0.495,0.43,0.56,0.4997671191625816,0.43469014957104213,0.5648440887541211,0.7,0.3572316318118038,0.6210282729912212,5.032451041713648,43.20000000000002,576,0.0672190453961956,0.5972222222222222,0,0.0,0.1886007490259849,0.9999999999999999,2.9328278574764033,132759.54156393305,336,0.07777777777777778,0,0.0,0.5744047619047619,11.400000000000006,2.4355665134053632,214,/kaggle/working/results/v1_10m_feature_engineering_candidate/models/fold_038_ETH.txt
39,2022-01-01T04:10:00+00:00,2026-01-15T04:00:00+00:00,2026-01-15T04:10:00+00:00,2026-03-16T04:00:00+00:00,2026-03-16T04:10:00+00:00,2026-04-15T04:00:00+00:00,211817,8616,4320,0.5512202497764109,double,0.46,0.55,False,False,0.505,0.46,0.55,0.5010660357697506,0.45366487745975964,0.5484671940797415,0.7,0.3652603341682079,0.6914631982458027,6.763375586274804,97.40000000000003,1609,0.1867455896007428,0.5892968263845675,2,0.00023212627669452182,0.18130871130900625,0.9999999999999999,2.984722930229787,133783.8889672423,744,0.17222222222222222,1,0.0002314814814814815,0.5935397039030955,50.70000000000002,7.31923001216802,316,/kaggle/working/results/v1_10m_feature_engineering_candidate/models/fold_039_BTC.txt,0.5455199299892158,double,0.43,0.59,False,False,0.51,0.43,0.59,0.5069301357487745,0.43140704487131265,0.5824532266262363,0.7,0.30746742406785055,0.6525427664098333,4.670749884500124,35.40000000000002,447,0.05188022284122563,0.5995525727069351,0,0.0,0.18121632794431505,1.0,2.9832021056374396,133705.11330360168,290,0.06712962962962964,0,0.0,0.5896551724137931,17.800000000000004,4.108082798213558,369,/kaggle/working/results/v1_10m_feature_engineering_candidate/models/fold_039_ETH.txt
40,2022-01-01T04:10:00+00:00,2026-02-14T04:00:00+00:00,2026-02-14T04:10:00+00:00,2026-04-15T04:00:00+00:00,2026-04-15T04:10:00+00:00,2026-04-23T23:50:00+00:00,216113,8640,1271,0.5478536730445127,double,0.43,0.5700000000000001,False,False,0.5,0.43,0.5700000000000001,0.5003198107309252,0.4370994632379279,0.5635401582239226,0.7,0.3430418581201363,0.6596542231784027,6.892891074813542,58.30000000000002,560,0.06481481481481481,0.6135957066189625,1,0.00011574074074074075,0.1741399977476835,1.0,3.0347720594033425,134676.9593711703,126,0.0991345397324941,0,0.0,0.5873015873015873,7.200000000000003,4.644081678657575,501,/kaggle/working/results/v1_10m_feature_engineering_candidate/models/fold_040_BTC.txt,0.555493620711012,double,0.44,0.56,False,False,0.5,0.44,0.56,0.5020790407246324,0.4374221134613938,0.566735967987871,0.7,0.3745605105799412,0.5990613747700723,4.9485765553596215,39.80000000000001,502,0.05810185185185185,0.599601593625498,0,0.0,0.17404859207076148,0.9999999999999998,3.0331791146578415,134604.20288866316,49,0.03855232100708104,0,0.0,0.6938775510204082,12.200000000000003,12.955343358814634,124,/kaggle/working/results/v1_10m_feature_engineering_candidate/models/fold_040_ETH.txt
